时间,温度,大小,重量,长度,亮度,姓名
2018/1/2,30,4,67,1,3,赵振进
2018/1/3,31,5,68,2,6,李四
2018/1/4,32,6,69,3,9,王五
2018/1/5,33,7,70,4,12,赵二
2018/1/6,34,8,71,5,15,李一
2018/1/7,35,9,72,6,18,张三
2018/1/8,36,10,73,7,21,钱六
2018/1/9,37,11,74,8,24,孙七
2018/1/10,38,12,75,9,27,孙悟空
2018/1/11,39,13,76,10,30,张良
2018/1/12,40,14,77,11,33,白起
2018/1/13,41,15,78,12,36,貂蝉
2018/1/14,42,16,79,13,39,吕布
2018/1/15,43,17,80,14,42,诸葛亮
2018/1/16,44,18,81,15,45,甄姬
2018/1/17,45,19,82,16,48,蔡文姬
2018/1/18,46,20,83,17,51,刘备
2018/1/19,47,21,84,18,54,关羽
2018/1/20,48,22,85,19,57,张飞
